id,name
1,Lachryma《Re:Queen'M》
2,iLLness LiLin
3,HE4VEN ～天国へようこそ～
4,WHITEOUT
5,FIN4LE ～終止線の彼方へ～
6,I
7,ΣmbryØ
8,*Feels Seasickness...*
9,Xronièr
10,ΣgØ
11,"* Erm, could it be a Spatiotemporal ShockWAVE Syndrome...?"
12,666
13,VVelcome!!
14,MAYHEM
15,XHRONOXAPSULΞ
16,MixxioN
17,《Re:miniscence》
18,Bl∞min'
19,いまきみに
20,SuddeИDeath
21,You Are My Best RivaL!!
22,Everlasting Message
23,Sayonara Planet Wars
24,Λkasha
25,APØCALYPSE RAY
26,Don't you dare play GOD
27,{ eXLIPXe }
28,HeaveИ's Rain
29,NEMSYS ARENA World Hexathlon
30,	Our garden is blue.
31,神凪